{
  "manifest.json": 1712667204543,
  "i18n/i18n.properties": 1712661974862,
  "model/models.js": 1712661974866,
  "controller/View1.controller.js": 1712661974874,
  "controller/App.controller.js": 1712661974866,
  "Component.js": 1712661974854,
  "Component-preload.js": 1712667204928,
  "controller/View1-dbg.controller.js": 1712661974874,
  "model/models-dbg.js": 1712661974866,
  "controller/App-dbg.controller.js": 1712661974866,
  "Component-dbg.js": 1712661974854,
  "view/fragment/Employee.fragment.xml": 1712662559768,
  "view/fragment/Employee-leave-history.fragment.xml": 1712662494993,
  "view/fragment/Emp-profile.fragment.xml": 1712662463853,
  "view/fragment/Changepassword.fragment.xml": 1712662429285,
  "view/View1.view.xml": 1712667157018,
  "view/App.view.xml": 1712661974870,
  "css/style.css": 1712661974866,
  "index.html": 1712661974858
}